<?xml version = '1.0' encoding = 'UTF-8'?>
<Diagram class="oracle.dbtools.crest.swingui.logical.DPVLogical" name="Logical" id="E69ACAA3-8C47-A6E9-B356-86E6F2E716AB">
<createdBy>leand</createdBy>
<modifiedBy>leand</modifiedBy>
<createdTime>2022-05-03 22:41:03 UTC</createdTime>
<autoRoute>false</autoRoute>
<boxInbox>true</boxInbox>
<showLegend>false</showLegend>
<showLabels>false</showLabels>
<showRelAttributes>false</showRelAttributes>
<gridEnabled>false</gridEnabled>
<showGrid>false</showGrid>
<diagramColor>-1</diagramColor>
<display>false</display>
<notation>2</notation>
<objectViews>
<OView class="oracle.dbtools.crest.swingui.logical.TVEntity" oid="03D16B35-738F-E498-E08E-8D7D599E605A" otype="Entity" vid="B72CC8D5-C911-69AC-DE5F-702299648BDD">
<hideElementsInCurrentOnly>false</hideElementsInCurrentOnly>
<bounds x="309" y="90" width="233" height="176"/>
</OView>
<OView class="oracle.dbtools.crest.swingui.logical.TVEntity" oid="19CFD1EE-4152-9E73-F9B5-0531B05E43C8" otype="Entity" vid="301E23D9-9A7E-0462-ABCE-1F69FDE97B76">
<hideElementsInCurrentOnly>false</hideElementsInCurrentOnly>
<bounds x="257" y="304" width="221" height="113"/>
</OView>
<OView class="oracle.dbtools.crest.swingui.logical.TVEntity" oid="45555A1D-244A-65C7-43C1-35FA8738CB33" otype="Entity" vid="2C39299D-8F94-AEA6-C355-9FACC3D963B5">
<hideElementsInCurrentOnly>false</hideElementsInCurrentOnly>
<bounds x="580" y="287" width="233" height="177"/>
</OView>
<OView class="oracle.dbtools.crest.swingui.logical.TVEntity" oid="7517F259-FBDA-94B9-62FD-287ABED0A0FF" otype="Entity" vid="35A8415E-078C-8004-6F07-C1CD31744C16">
<hideElementsInCurrentOnly>false</hideElementsInCurrentOnly>
<bounds x="325" y="459" width="222" height="112"/>
</OView>
<OView class="oracle.dbtools.crest.swingui.logical.TVEntity" oid="E561363F-99B7-BA45-2F4B-187618644568" otype="Entity" vid="F96B383D-D507-279C-BC16-C25255DB0068">
<hideElementsInCurrentOnly>false</hideElementsInCurrentOnly>
<bounds x="884" y="249" width="208" height="156"/>
</OView>
<OView class="oracle.dbtools.crest.swingui.logical.TVEntity" oid="EA3C4D9E-3442-C4F1-0B16-5C4727D9B300" otype="Entity" vid="BBB2711D-A5BC-7405-31CB-61AFF6B44FB0">
<hideElementsInCurrentOnly>false</hideElementsInCurrentOnly>
<bounds x="882" y="98" width="209" height="113"/>
</OView>
<OView class="oracle.dbtools.crest.swingui.logical.TVEntity" oid="EDA91AB0-1227-DD53-E539-38148E227D4D" otype="Entity" vid="234E942D-F303-F278-EB22-2ADF4EDCB8C8">
<hideElementsInCurrentOnly>false</hideElementsInCurrentOnly>
<bounds x="581" y="90" width="233" height="176"/>
</OView>
</objectViews>
<connectors>
<Connector class="oracle.dbtools.crest.swingui.logical.TVRelation" oid="397D3328-ECD2-AC98-E0DD-7347526A022A" otype="Relation" vid_source="234E942D-F303-F278-EB22-2ADF4EDCB8C8" vid_target="F96B383D-D507-279C-BC16-C25255DB0068">
<hideElementsInCurrentOnly>false</hideElementsInCurrentOnly>
<backgroundColor>-16777216</backgroundColor>
<lineWidth>1</lineWidth>
<points>
<point x="814" y="257"/>
<point x="884" y="257"/>
</points>
</Connector>
<Connector class="oracle.dbtools.crest.swingui.logical.TVRelation" oid="A100ED0D-51A4-3C4B-F18D-78007F45256F" otype="Relation" vid_source="B72CC8D5-C911-69AC-DE5F-702299648BDD" vid_target="234E942D-F303-F278-EB22-2ADF4EDCB8C8">
<hideElementsInCurrentOnly>false</hideElementsInCurrentOnly>
<backgroundColor>-16777216</backgroundColor>
<lineWidth>1</lineWidth>
<points>
<point x="542" y="178"/>
<point x="581" y="178"/>
</points>
</Connector>
<Connector class="oracle.dbtools.crest.swingui.logical.TVRelation" oid="B56D8B3D-E59D-E8C3-4B41-58AEB2ADD28C" otype="Relation" vid_source="301E23D9-9A7E-0462-ABCE-1F69FDE97B76" vid_target="B72CC8D5-C911-69AC-DE5F-702299648BDD">
<hideElementsInCurrentOnly>false</hideElementsInCurrentOnly>
<backgroundColor>-16777216</backgroundColor>
<lineWidth>1</lineWidth>
<points>
<point x="393" y="304"/>
<point x="393" y="266"/>
</points>
</Connector>
<Connector class="oracle.dbtools.crest.swingui.logical.TVRelation" oid="CCCA1508-14D9-ED5D-35D0-6D08D38A02DF" otype="Relation" vid_source="B72CC8D5-C911-69AC-DE5F-702299648BDD" vid_target="2C39299D-8F94-AEA6-C355-9FACC3D963B5">
<hideElementsInCurrentOnly>false</hideElementsInCurrentOnly>
<backgroundColor>-16777216</backgroundColor>
<lineWidth>1</lineWidth>
<points>
<point x="542" y="262"/>
<point x="580" y="290"/>
</points>
</Connector>
<Connector class="oracle.dbtools.crest.swingui.logical.TVRelation" oid="D73E5868-E4D0-FD84-2768-28766716C890" otype="Relation" vid_source="B72CC8D5-C911-69AC-DE5F-702299648BDD" vid_target="35A8415E-078C-8004-6F07-C1CD31744C16">
<hideElementsInCurrentOnly>false</hideElementsInCurrentOnly>
<backgroundColor>-16777216</backgroundColor>
<lineWidth>1</lineWidth>
<points>
<point x="433" y="266"/>
<point x="433" y="459"/>
</points>
</Connector>
<Connector class="oracle.dbtools.crest.swingui.logical.TVRelation" oid="E83F38A5-2E43-1264-2495-C0E6AF0CCDCA" otype="Relation" vid_source="2C39299D-8F94-AEA6-C355-9FACC3D963B5" vid_target="F96B383D-D507-279C-BC16-C25255DB0068">
<hideElementsInCurrentOnly>false</hideElementsInCurrentOnly>
<backgroundColor>-16777216</backgroundColor>
<lineWidth>1</lineWidth>
<points>
<point x="813" y="346"/>
<point x="884" y="346"/>
</points>
</Connector>
<Connector class="oracle.dbtools.crest.swingui.logical.TVRelation" oid="F33D1F9F-80F7-DEFB-FA22-5CFFFD6D67B4" otype="Relation" vid_source="234E942D-F303-F278-EB22-2ADF4EDCB8C8" vid_target="BBB2711D-A5BC-7405-31CB-61AFF6B44FB0">
<hideElementsInCurrentOnly>false</hideElementsInCurrentOnly>
<backgroundColor>-16777216</backgroundColor>
<lineWidth>1</lineWidth>
<points>
<point x="814" y="154"/>
<point x="882" y="154"/>
</points>
</Connector>
<Connector class="oracle.dbtools.crest.swingui.logical.TVRelation" oid="FB3429E3-EA08-BC7C-8470-D220C4159A0F" otype="Relation" vid_source="BBB2711D-A5BC-7405-31CB-61AFF6B44FB0" vid_target="F96B383D-D507-279C-BC16-C25255DB0068">
<hideElementsInCurrentOnly>false</hideElementsInCurrentOnly>
<backgroundColor>-16777216</backgroundColor>
<lineWidth>1</lineWidth>
<points>
<point x="987" y="211"/>
<point x="987" y="249"/>
</points>
</Connector>
</connectors>
</Diagram>