<?xml version = '1.0' encoding = 'UTF-8'?>
<Entity class="oracle.dbtools.crest.model.design.logical.Entity" directorySegmentName="seg_0" id="03D16B35-738F-E498-E08E-8D7D599E605A" name="Pessoa">
<createdBy>leand</createdBy>
<createdTime>2022-05-12 21:05:59 UTC</createdTime>
<ownerDesignName>BancoPanDB</ownerDesignName>
<engineerTo>
<item key="7453EB89-556D-A383-5CEF-6C89383AA0DD" value="true"/>
</engineerTo>
<adequatelyNormalized>NO</adequatelyNormalized>
<expectedVolumes>0</expectedVolumes>
<fwdEngineeringStrategyName>Single Table</fwdEngineeringStrategyName>
<growthPercent>0</growthPercent>
<growthType>Year</growthType>
<maxVolumes>9999999</maxVolumes>
<minVolumes>0</minVolumes>
<normalForm>Third</normalForm>
<attributes itemClass="oracle.dbtools.crest.model.design.logical.Attribute">
<Attribute name="id_pessoa" id="CD91C668-4218-15E8-3E41-CA8201BC9D39">
<createdBy>leand</createdBy>
<createdTime>2022-05-12 21:05:59 UTC</createdTime>
<ownerDesignName>BancoPanDB</ownerDesignName>
<engineerTo>
<item key="7453EB89-556D-A383-5CEF-6C89383AA0DD" value="true"/>
</engineerTo>
<useDomainConstraints>false</useDomainConstraints>
<use>1</use>
<logicalDatatype>LOGDT011</logicalDatatype>
<ownDataTypeParameters>,,</ownDataTypeParameters>
</Attribute>
<Attribute name="nome_pessoa" id="6752EEC6-1FF8-B6FF-D76C-682EDD4DD3D1">
<createdBy>leand</createdBy>
<createdTime>2022-05-12 21:05:59 UTC</createdTime>
<ownerDesignName>BancoPanDB</ownerDesignName>
<engineerTo>
<item key="7453EB89-556D-A383-5CEF-6C89383AA0DD" value="true"/>
</engineerTo>
<useDomainConstraints>false</useDomainConstraints>
<use>1</use>
<logicalDatatype>LOGDT024</logicalDatatype>
<dataTypeSize>30</dataTypeSize>
<ownDataTypeParameters>30,,</ownDataTypeParameters>
</Attribute>
<Attribute name="sexo_pessoa" id="2EA9F518-0466-C20C-FA31-A5B54BBC2205">
<createdBy>leand</createdBy>
<createdTime>2022-05-12 21:05:59 UTC</createdTime>
<ownerDesignName>BancoPanDB</ownerDesignName>
<engineerTo>
<item key="7453EB89-556D-A383-5CEF-6C89383AA0DD" value="true"/>
</engineerTo>
<useDomainConstraints>false</useDomainConstraints>
<use>1</use>
<logicalDatatype>LOGDT025</logicalDatatype>
<dataTypeSize>1</dataTypeSize>
<ownDataTypeParameters>1,,</ownDataTypeParameters>
</Attribute>
<Attribute name="rg_pessoa" id="52912758-6D38-E24B-14EB-57B857087E69">
<createdBy>leand</createdBy>
<createdTime>2022-05-12 21:05:59 UTC</createdTime>
<ownerDesignName>BancoPanDB</ownerDesignName>
<engineerTo>
<item key="7453EB89-556D-A383-5CEF-6C89383AA0DD" value="true"/>
</engineerTo>
<useDomainConstraints>false</useDomainConstraints>
<use>1</use>
<logicalDatatype>LOGDT024</logicalDatatype>
<dataTypeSize>14</dataTypeSize>
<ownDataTypeParameters>14,,</ownDataTypeParameters>
</Attribute>
<Attribute name="cpf_pessoa" id="80D9CB8D-5D64-1B6F-B136-97AA314DCA95">
<createdBy>leand</createdBy>
<createdTime>2022-05-12 21:05:59 UTC</createdTime>
<ownerDesignName>BancoPanDB</ownerDesignName>
<engineerTo>
<item key="7453EB89-556D-A383-5CEF-6C89383AA0DD" value="true"/>
</engineerTo>
<useDomainConstraints>false</useDomainConstraints>
<use>1</use>
<logicalDatatype>LOGDT024</logicalDatatype>
<dataTypeSize>15</dataTypeSize>
<ownDataTypeParameters>15,,</ownDataTypeParameters>
</Attribute>
<Attribute name="data_nascimento" id="7B96F36A-FA1D-5FAF-C0A5-AAB940DDB31B">
<createdBy>leand</createdBy>
<createdTime>2022-05-12 21:05:59 UTC</createdTime>
<ownerDesignName>BancoPanDB</ownerDesignName>
<engineerTo>
<item key="7453EB89-556D-A383-5CEF-6C89383AA0DD" value="true"/>
</engineerTo>
<useDomainConstraints>false</useDomainConstraints>
<use>1</use>
<logicalDatatype>LOGDT007</logicalDatatype>
<ownDataTypeParameters>,,</ownDataTypeParameters>
</Attribute>
<Attribute name="data_cadastro" id="DBFAFC97-EDDD-4B5D-616E-506BBE9935DD">
<createdBy>leand</createdBy>
<createdTime>2022-05-12 21:05:59 UTC</createdTime>
<ownerDesignName>BancoPanDB</ownerDesignName>
<engineerTo>
<item key="7453EB89-556D-A383-5CEF-6C89383AA0DD" value="true"/>
</engineerTo>
<useDomainConstraints>false</useDomainConstraints>
<use>1</use>
<logicalDatatype>LOGDT008</logicalDatatype>
<ownDataTypeParameters>,,</ownDataTypeParameters>
</Attribute>
<Attribute name="id_endereco" id="6FD2E233-3666-9EF6-CB1C-76957A60C052">
<createdBy>leand</createdBy>
<createdTime>2022-05-12 21:12:59 UTC</createdTime>
<generatorID>B56D8B3D-E59D-E8C3-4B41-58AEB2ADD28C</generatorID>
<ownerDesignName>BancoPanDB</ownerDesignName>
<engineerTo>
<item key="7453EB89-556D-A383-5CEF-6C89383AA0DD" value="true"/>
</engineerTo>
<referedAttribute>D398DA50-E99E-BD69-D11A-E0F2857B2B65</referedAttribute>
<useDomainConstraints>false</useDomainConstraints>
<use>1</use>
<logicalDatatype>LOGDT011</logicalDatatype>
<ownDataTypeParameters>,,</ownDataTypeParameters>
</Attribute>
</attributes>
<identifiers itemClass="oracle.dbtools.crest.model.design.logical.CandidateKey">
<identifier id="86563A84-AD45-940F-425E-0B70B6EB2025" name="PessoaPK">
<createdBy>leand</createdBy>
<createdTime>2022-05-12 21:05:59 UTC</createdTime>
<ownerDesignName>BancoPanDB</ownerDesignName>
<engineerTo>
<item key="7453EB89-556D-A383-5CEF-6C89383AA0DD" value="true"/>
</engineerTo>
<pk>true</pk>
<newElementsIDs>CD91C668-4218-15E8-3E41-CA8201BC9D39</newElementsIDs>
<usedAttributes>
<attributeRef>CD91C668-4218-15E8-3E41-CA8201BC9D39</attributeRef>
</usedAttributes>
</identifier>
</identifiers>
</Entity>