<?xml version = '1.0' encoding = 'UTF-8'?>
<Entity class="oracle.dbtools.crest.model.design.logical.Entity" directorySegmentName="seg_0" id="45555A1D-244A-65C7-43C1-35FA8738CB33" name="Responsavel">
<createdBy>leand</createdBy>
<createdTime>2022-05-03 23:10:08 UTC</createdTime>
<ownerDesignName>BancoPanDB</ownerDesignName>
<engineerTo>
<item key="7453EB89-556D-A383-5CEF-6C89383AA0DD" value="true"/>
</engineerTo>
<adequatelyNormalized>NO</adequatelyNormalized>
<expectedVolumes>0</expectedVolumes>
<fwdEngineeringStrategyName>Single Table</fwdEngineeringStrategyName>
<growthPercent>0</growthPercent>
<growthType>Year</growthType>
<maxVolumes>9999999</maxVolumes>
<minVolumes>0</minVolumes>
<normalForm>Third</normalForm>
<attributes itemClass="oracle.dbtools.crest.model.design.logical.Attribute">
<Attribute name="id_responsavel" id="27B3B755-4CC2-1E98-C134-A9C69DFF130E">
<createdBy>leand</createdBy>
<createdTime>2022-05-03 23:10:08 UTC</createdTime>
<ownerDesignName>BancoPanDB</ownerDesignName>
<engineerTo>
<item key="7453EB89-556D-A383-5CEF-6C89383AA0DD" value="true"/>
</engineerTo>
<useDomainConstraints>false</useDomainConstraints>
<use>1</use>
<logicalDatatype>LOGDT011</logicalDatatype>
<ownDataTypeParameters>,,</ownDataTypeParameters>
</Attribute>
<Attribute name="vl_salario" id="B2F38D0E-658F-3DF5-51F9-AAE47B497511">
<createdBy>leand</createdBy>
<createdTime>2022-05-03 23:10:08 UTC</createdTime>
<ownerDesignName>BancoPanDB</ownerDesignName>
<engineerTo>
<item key="7453EB89-556D-A383-5CEF-6C89383AA0DD" value="true"/>
</engineerTo>
<useDomainConstraints>false</useDomainConstraints>
<use>1</use>
<logicalDatatype>LOGDT026</logicalDatatype>
<ownDataTypeParameters>,,</ownDataTypeParameters>
</Attribute>
<Attribute name="data_contratacao" id="3042AB5B-0A2A-F94E-D2CD-1A40132D09A6">
<createdBy>leand</createdBy>
<createdTime>2022-05-12 21:10:05 UTC</createdTime>
<ownerDesignName>BancoPanDB</ownerDesignName>
<engineerTo>
<item key="7453EB89-556D-A383-5CEF-6C89383AA0DD" value="true"/>
</engineerTo>
<useDomainConstraints>false</useDomainConstraints>
<use>1</use>
<logicalDatatype>LOGDT007</logicalDatatype>
<ownDataTypeParameters>,,</ownDataTypeParameters>
</Attribute>
<Attribute name="id_pessoa" id="DE4478BE-CF3C-04F2-25C7-9C852E910C80">
<createdBy>leand</createdBy>
<createdTime>2022-05-12 21:15:28 UTC</createdTime>
<generatorID>CCCA1508-14D9-ED5D-35D0-6D08D38A02DF</generatorID>
<ownerDesignName>BancoPanDB</ownerDesignName>
<engineerTo>
<item key="7453EB89-556D-A383-5CEF-6C89383AA0DD" value="true"/>
</engineerTo>
<referedAttribute>CD91C668-4218-15E8-3E41-CA8201BC9D39</referedAttribute>
<useDomainConstraints>false</useDomainConstraints>
<use>1</use>
<logicalDatatype>LOGDT011</logicalDatatype>
<ownDataTypeParameters>,,</ownDataTypeParameters>
</Attribute>
</attributes>
<identifiers itemClass="oracle.dbtools.crest.model.design.logical.CandidateKey">
<identifier id="3985A1CA-AB04-D8FB-7896-3EE231E89FEA" name="Responsavel PK">
<createdBy>leand</createdBy>
<createdTime>2022-05-03 23:10:08 UTC</createdTime>
<ownerDesignName>BancoPanDB</ownerDesignName>
<engineerTo>
<item key="7453EB89-556D-A383-5CEF-6C89383AA0DD" value="true"/>
</engineerTo>
<pk>true</pk>
<newElementsIDs>27B3B755-4CC2-1E98-C134-A9C69DFF130E</newElementsIDs>
<usedAttributes>
<attributeRef>27B3B755-4CC2-1E98-C134-A9C69DFF130E</attributeRef>
</usedAttributes>
</identifier>
</identifiers>
</Entity>