<?xml version = '1.0' encoding = 'UTF-8'?>
<Entity class="oracle.dbtools.crest.model.design.logical.Entity" directorySegmentName="seg_0" id="7517F259-FBDA-94B9-62FD-287ABED0A0FF" name="Contato">
<createdBy>leand</createdBy>
<createdTime>2022-05-12 21:32:56 UTC</createdTime>
<ownerDesignName>BancoPanDB</ownerDesignName>
<engineerTo>
<item key="7453EB89-556D-A383-5CEF-6C89383AA0DD" value="true"/>
</engineerTo>
<adequatelyNormalized>NO</adequatelyNormalized>
<expectedVolumes>0</expectedVolumes>
<fwdEngineeringStrategyName>Single Table</fwdEngineeringStrategyName>
<growthPercent>0</growthPercent>
<growthType>Year</growthType>
<maxVolumes>9999999</maxVolumes>
<minVolumes>0</minVolumes>
<normalForm>Third</normalForm>
<attributes itemClass="oracle.dbtools.crest.model.design.logical.Attribute">
<Attribute name="id_contato" id="47D3F863-9184-E87D-3313-4B8F0C5CE79D">
<createdBy>leand</createdBy>
<createdTime>2022-05-12 21:33:03 UTC</createdTime>
<ownerDesignName>BancoPanDB</ownerDesignName>
<engineerTo>
<item key="7453EB89-556D-A383-5CEF-6C89383AA0DD" value="true"/>
</engineerTo>
<useDomainConstraints>false</useDomainConstraints>
<use>1</use>
<logicalDatatype>LOGDT011</logicalDatatype>
<ownDataTypeParameters>,,</ownDataTypeParameters>
</Attribute>
<Attribute name="email" id="716D8253-359D-EE9D-C0CE-531DD4E76E5A">
<createdBy>leand</createdBy>
<createdTime>2022-05-12 21:34:10 UTC</createdTime>
<ownerDesignName>BancoPanDB</ownerDesignName>
<engineerTo>
<item key="7453EB89-556D-A383-5CEF-6C89383AA0DD" value="true"/>
</engineerTo>
<nullsAllowed>true</nullsAllowed>
<useDomainConstraints>false</useDomainConstraints>
<use>1</use>
<logicalDatatype>LOGDT024</logicalDatatype>
<dataTypeSize>40</dataTypeSize>
<ownDataTypeParameters>40,,</ownDataTypeParameters>
</Attribute>
<Attribute name="numero_telefonico" id="D8272414-DBE6-6AB7-EDC3-005A264889FA">
<createdBy>leand</createdBy>
<createdTime>2022-05-12 21:34:30 UTC</createdTime>
<ownerDesignName>BancoPanDB</ownerDesignName>
<engineerTo>
<item key="7453EB89-556D-A383-5CEF-6C89383AA0DD" value="true"/>
</engineerTo>
<nullsAllowed>true</nullsAllowed>
<useDomainConstraints>false</useDomainConstraints>
<use>1</use>
<logicalDatatype>LOGDT024</logicalDatatype>
<dataTypeSize>13</dataTypeSize>
<ownDataTypeParameters>13,,</ownDataTypeParameters>
</Attribute>
<Attribute name="numero_celular" id="9DB0E07B-39AD-5677-B156-EDADB4DF3516">
<createdBy>leand</createdBy>
<createdTime>2022-05-12 21:49:53 UTC</createdTime>
<ownerDesignName>BancoPanDB</ownerDesignName>
<engineerTo>
<item key="7453EB89-556D-A383-5CEF-6C89383AA0DD" value="true"/>
</engineerTo>
<nullsAllowed>true</nullsAllowed>
<useDomainConstraints>false</useDomainConstraints>
<use>1</use>
<logicalDatatype>LOGDT024</logicalDatatype>
<dataTypeSize>15</dataTypeSize>
<ownDataTypeParameters>15,,</ownDataTypeParameters>
</Attribute>
<Attribute name="id_pessoa" id="FAE61EEF-4D92-B75B-C9F6-92961ECB1EA0">
<createdBy>leand</createdBy>
<createdTime>2022-05-12 21:52:31 UTC</createdTime>
<generatorID>D73E5868-E4D0-FD84-2768-28766716C890</generatorID>
<ownerDesignName>BancoPanDB</ownerDesignName>
<engineerTo>
<item key="7453EB89-556D-A383-5CEF-6C89383AA0DD" value="true"/>
</engineerTo>
<referedAttribute>CD91C668-4218-15E8-3E41-CA8201BC9D39</referedAttribute>
<useDomainConstraints>false</useDomainConstraints>
<use>1</use>
<logicalDatatype>LOGDT011</logicalDatatype>
<ownDataTypeParameters>,,</ownDataTypeParameters>
</Attribute>
</attributes>
<identifiers itemClass="oracle.dbtools.crest.model.design.logical.CandidateKey">
<identifier id="EAF7B0E1-ACDF-D523-2246-AACCC2A0481F" name="Contato PK">
<createdBy>leand</createdBy>
<createdTime>2022-05-12 21:34:29 UTC</createdTime>
<ownerDesignName>BancoPanDB</ownerDesignName>
<engineerTo>
<item key="7453EB89-556D-A383-5CEF-6C89383AA0DD" value="true"/>
</engineerTo>
<pk>true</pk>
<usedAttributes>
<attributeRef>47D3F863-9184-E87D-3313-4B8F0C5CE79D</attributeRef>
<attributeRef>FAE61EEF-4D92-B75B-C9F6-92961ECB1EA0</attributeRef>
</usedAttributes>
</identifier>
</identifiers>
</Entity>