<?xml version = '1.0' encoding = 'UTF-8'?>
<Entity class="oracle.dbtools.crest.model.design.logical.Entity" directorySegmentName="seg_0" id="E561363F-99B7-BA45-2F4B-187618644568" name="Proposta">
<createdBy>leand</createdBy>
<createdTime>2022-05-04 23:48:56 UTC</createdTime>
<ownerDesignName>BancoPanDB</ownerDesignName>
<engineerTo>
<item key="7453EB89-556D-A383-5CEF-6C89383AA0DD" value="true"/>
</engineerTo>
<adequatelyNormalized>NO</adequatelyNormalized>
<expectedVolumes>0</expectedVolumes>
<fwdEngineeringStrategyName>Single Table</fwdEngineeringStrategyName>
<growthPercent>0</growthPercent>
<growthType>Year</growthType>
<maxVolumes>9999999</maxVolumes>
<minVolumes>0</minVolumes>
<normalForm>Third</normalForm>
<attributes itemClass="oracle.dbtools.crest.model.design.logical.Attribute">
<Attribute name="id_responsavel" id="1CF3401D-2D2A-E35F-B505-D12298A624B8">
<createdBy>leand</createdBy>
<createdTime>2022-05-04 23:51:25 UTC</createdTime>
<generatorID>E83F38A5-2E43-1264-2495-C0E6AF0CCDCA</generatorID>
<ownerDesignName>BancoPanDB</ownerDesignName>
<engineerTo>
<item key="7453EB89-556D-A383-5CEF-6C89383AA0DD" value="true"/>
</engineerTo>
<referedAttribute>27B3B755-4CC2-1E98-C134-A9C69DFF130E</referedAttribute>
<useDomainConstraints>false</useDomainConstraints>
<use>1</use>
<logicalDatatype>LOGDT011</logicalDatatype>
<ownDataTypeParameters>,,</ownDataTypeParameters>
</Attribute>
<Attribute name="id_cliente" id="10D37079-7FD4-70DF-AFB7-81B525846E52">
<createdBy>leand</createdBy>
<createdTime>2022-05-04 23:52:20 UTC</createdTime>
<generatorID>397D3328-ECD2-AC98-E0DD-7347526A022A</generatorID>
<ownerDesignName>BancoPanDB</ownerDesignName>
<engineerTo>
<item key="7453EB89-556D-A383-5CEF-6C89383AA0DD" value="true"/>
</engineerTo>
<referedAttribute>117808B0-EAAD-26AB-F253-9246790B262E</referedAttribute>
<useDomainConstraints>false</useDomainConstraints>
<use>1</use>
<logicalDatatype>LOGDT011</logicalDatatype>
<ownDataTypeParameters>,,</ownDataTypeParameters>
</Attribute>
<Attribute name="id_servico" id="DE5FBB73-68AA-7C81-DC0C-F2CB767176D5">
<createdBy>leand</createdBy>
<createdTime>2022-05-04 23:52:51 UTC</createdTime>
<generatorID>FB3429E3-EA08-BC7C-8470-D220C4159A0F</generatorID>
<ownerDesignName>BancoPanDB</ownerDesignName>
<engineerTo>
<item key="7453EB89-556D-A383-5CEF-6C89383AA0DD" value="true"/>
</engineerTo>
<referedAttribute>66F013D1-7247-82D8-19D0-77302180C718</referedAttribute>
<useDomainConstraints>false</useDomainConstraints>
<use>1</use>
<logicalDatatype>LOGDT011</logicalDatatype>
<ownDataTypeParameters>,,</ownDataTypeParameters>
</Attribute>
<Attribute name="Analisada" id="F1759264-D51D-0987-2A65-22F23EDBE60A">
<createdBy>leand</createdBy>
<createdTime>2022-05-04 23:56:55 UTC</createdTime>
<ownerDesignName>BancoPanDB</ownerDesignName>
<engineerTo>
<item key="7453EB89-556D-A383-5CEF-6C89383AA0DD" value="true"/>
</engineerTo>
<useDomainConstraints>false</useDomainConstraints>
<use>1</use>
<logicalDatatype>LOGDT006</logicalDatatype>
<dataTypeSize>1</dataTypeSize>
<ownDataTypeParameters>1,,</ownDataTypeParameters>
</Attribute>
<Attribute name="Aceita" id="BF9A2538-D6E6-A1EF-4E26-159E52DD8F7E">
<createdBy>leand</createdBy>
<createdTime>2022-05-04 23:57:22 UTC</createdTime>
<ownerDesignName>BancoPanDB</ownerDesignName>
<engineerTo>
<item key="7453EB89-556D-A383-5CEF-6C89383AA0DD" value="true"/>
</engineerTo>
<useDomainConstraints>false</useDomainConstraints>
<use>1</use>
<logicalDatatype>LOGDT006</logicalDatatype>
<dataTypeSize>1</dataTypeSize>
<ownDataTypeParameters>1,,</ownDataTypeParameters>
</Attribute>
<Attribute name="id_pessoa" id="CF0993EE-22FC-7883-704C-5C03B40BB3E5">
<createdBy>leand</createdBy>
<createdTime>2022-05-12 21:15:07 UTC</createdTime>
<generatorID>397D3328-ECD2-AC98-E0DD-7347526A022A</generatorID>
<ownerDesignName>BancoPanDB</ownerDesignName>
<engineerTo>
<item key="7453EB89-556D-A383-5CEF-6C89383AA0DD" value="true"/>
</engineerTo>
<referedAttribute>B726D5E0-9AFA-60C0-FF1E-B9AFC58FA429</referedAttribute>
<useDomainConstraints>false</useDomainConstraints>
<use>1</use>
<logicalDatatype>LOGDT011</logicalDatatype>
<ownDataTypeParameters>,,</ownDataTypeParameters>
</Attribute>
</attributes>
<identifiers itemClass="oracle.dbtools.crest.model.design.logical.CandidateKey">
<identifier id="1481D70A-1D4C-AD22-8DEE-F5C63C697FD8" name="Proposta PK">
<createdBy>leand</createdBy>
<createdTime>2022-05-04 23:51:25 UTC</createdTime>
<ownerDesignName>BancoPanDB</ownerDesignName>
<engineerTo>
<item key="7453EB89-556D-A383-5CEF-6C89383AA0DD" value="true"/>
</engineerTo>
<pk>true</pk>
<usedAttributes>
<attributeRef>1CF3401D-2D2A-E35F-B505-D12298A624B8</attributeRef>
<attributeRef>10D37079-7FD4-70DF-AFB7-81B525846E52</attributeRef>
<attributeRef>DE5FBB73-68AA-7C81-DC0C-F2CB767176D5</attributeRef>
<attributeRef>CF0993EE-22FC-7883-704C-5C03B40BB3E5</attributeRef>
</usedAttributes>
</identifier>
</identifiers>
</Entity>