<?xml version = '1.0' encoding = 'UTF-8'?>
<Entity class="oracle.dbtools.crest.model.design.logical.Entity" directorySegmentName="seg_0" id="EDA91AB0-1227-DD53-E539-38148E227D4D" name="Cliente">
<createdBy>leand</createdBy>
<createdTime>2022-05-03 22:52:00 UTC</createdTime>
<ownerDesignName>BancoPanDB</ownerDesignName>
<engineerTo>
<item key="7453EB89-556D-A383-5CEF-6C89383AA0DD" value="true"/>
</engineerTo>
<adequatelyNormalized>NO</adequatelyNormalized>
<expectedVolumes>0</expectedVolumes>
<fwdEngineeringStrategyName>Single Table</fwdEngineeringStrategyName>
<growthPercent>0</growthPercent>
<growthType>Year</growthType>
<maxVolumes>9999999</maxVolumes>
<minVolumes>0</minVolumes>
<normalForm>Third</normalForm>
<attributes itemClass="oracle.dbtools.crest.model.design.logical.Attribute">
<Attribute name="id_cliente" id="117808B0-EAAD-26AB-F253-9246790B262E">
<createdBy>leand</createdBy>
<createdTime>2022-05-03 22:52:05 UTC</createdTime>
<ownerDesignName>BancoPanDB</ownerDesignName>
<engineerTo>
<item key="7453EB89-556D-A383-5CEF-6C89383AA0DD" value="true"/>
</engineerTo>
<useDomainConstraints>false</useDomainConstraints>
<use>1</use>
<logicalDatatype>LOGDT011</logicalDatatype>
<ownDataTypeParameters>,,</ownDataTypeParameters>
</Attribute>
<Attribute name="id_pessoa" id="B726D5E0-9AFA-60C0-FF1E-B9AFC58FA429">
<createdBy>leand</createdBy>
<createdTime>2022-05-12 21:15:07 UTC</createdTime>
<generatorID>A100ED0D-51A4-3C4B-F18D-78007F45256F</generatorID>
<ownerDesignName>BancoPanDB</ownerDesignName>
<engineerTo>
<item key="7453EB89-556D-A383-5CEF-6C89383AA0DD" value="true"/>
</engineerTo>
<referedAttribute>CD91C668-4218-15E8-3E41-CA8201BC9D39</referedAttribute>
<useDomainConstraints>false</useDomainConstraints>
<use>1</use>
<logicalDatatype>LOGDT011</logicalDatatype>
<ownDataTypeParameters>,,</ownDataTypeParameters>
</Attribute>
</attributes>
<identifiers itemClass="oracle.dbtools.crest.model.design.logical.CandidateKey">
<identifier id="BD101BCD-F11E-88AE-FE81-4C84AFB4F3E5" name="Cliente PK">
<createdBy>leand</createdBy>
<createdTime>2022-05-03 22:52:54 UTC</createdTime>
<ownerDesignName>BancoPanDB</ownerDesignName>
<engineerTo>
<item key="7453EB89-556D-A383-5CEF-6C89383AA0DD" value="true"/>
</engineerTo>
<pk>true</pk>
<usedAttributes>
<attributeRef>117808B0-EAAD-26AB-F253-9246790B262E</attributeRef>
<attributeRef>B726D5E0-9AFA-60C0-FF1E-B9AFC58FA429</attributeRef>
</usedAttributes>
</identifier>
</identifiers>
</Entity>