<?xml version = '1.0' encoding = 'UTF-8'?>
<Relation class="oracle.dbtools.crest.model.design.logical.Relation" name="Relation_8" directorySegmentName="seg_0" id="397D3328-ECD2-AC98-E0DD-7347526A022A">
<createdBy>leand</createdBy>
<createdTime>2022-05-04 23:52:20 UTC</createdTime>
<ownerDesignName>BancoPanDB</ownerDesignName>
<engineerTo>
<item key="7453EB89-556D-A383-5CEF-6C89383AA0DD" value="true"/>
</engineerTo>
<sourcePk>BD101BCD-F11E-88AE-FE81-4C84AFB4F3E5</sourcePk>
<identifying>true</identifying>
<optionalSource>true</optionalSource>
<optionalTarget>false</optionalTarget>
<sourceCardinality>1</sourceCardinality>
<sourceEntity>EDA91AB0-1227-DD53-E539-38148E227D4D</sourceEntity>
<targetCardinalityString>*</targetCardinalityString>
<targetEntity>E561363F-99B7-BA45-2F4B-187618644568</targetEntity>
<transferable>true</transferable>
<deleteRule>NO ACTION</deleteRule>
</Relation>