<?xml version = '1.0' encoding = 'UTF-8'?>
<Relation class="oracle.dbtools.crest.model.design.logical.Relation" name="pode ser" directorySegmentName="seg_0" id="A100ED0D-51A4-3C4B-F18D-78007F45256F">
<createdBy>leand</createdBy>
<createdTime>2022-05-12 21:15:07 UTC</createdTime>
<ownerDesignName>BancoPanDB</ownerDesignName>
<engineerTo>
<item key="7453EB89-556D-A383-5CEF-6C89383AA0DD" value="true"/>
</engineerTo>
<sourcePk>86563A84-AD45-940F-425E-0B70B6EB2025</sourcePk>
<identifying>true</identifying>
<optionalSource>true</optionalSource>
<optionalTarget>false</optionalTarget>
<sourceCardinality>1</sourceCardinality>
<sourceEntity>03D16B35-738F-E498-E08E-8D7D599E605A</sourceEntity>
<targetCardinalityString>1</targetCardinalityString>
<targetEntity>EDA91AB0-1227-DD53-E539-38148E227D4D</targetEntity>
<transferable>true</transferable>
<deleteRule>NO ACTION</deleteRule>
</Relation>