<?xml version = '1.0' encoding = 'UTF-8'?>
<Relation class="oracle.dbtools.crest.model.design.logical.Relation" name="mora" directorySegmentName="seg_0" id="B56D8B3D-E59D-E8C3-4B41-58AEB2ADD28C">
<createdBy>leand</createdBy>
<createdTime>2022-05-12 21:12:59 UTC</createdTime>
<ownerDesignName>BancoPanDB</ownerDesignName>
<engineerTo>
<item key="7453EB89-556D-A383-5CEF-6C89383AA0DD" value="true"/>
</engineerTo>
<sourcePk>A3539BA2-5351-AB44-C72C-CEEBF1024158</sourcePk>
<identifying>false</identifying>
<optionalSource>true</optionalSource>
<optionalTarget>false</optionalTarget>
<sourceCardinality>1</sourceCardinality>
<sourceEntity>19CFD1EE-4152-9E73-F9B5-0531B05E43C8</sourceEntity>
<targetCardinalityString>1</targetCardinalityString>
<targetEntity>03D16B35-738F-E498-E08E-8D7D599E605A</targetEntity>
<transferable>true</transferable>
<deleteRule>NO ACTION</deleteRule>
</Relation>