<?xml version = '1.0' encoding = 'UTF-8'?>
<Relation class="oracle.dbtools.crest.model.design.logical.Relation" name="pode serv1" directorySegmentName="seg_0" id="CCCA1508-14D9-ED5D-35D0-6D08D38A02DF">
<createdBy>leand</createdBy>
<createdTime>2022-05-12 21:15:28 UTC</createdTime>
<ownerDesignName>BancoPanDB</ownerDesignName>
<engineerTo>
<item key="7453EB89-556D-A383-5CEF-6C89383AA0DD" value="true"/>
</engineerTo>
<sourcePk>86563A84-AD45-940F-425E-0B70B6EB2025</sourcePk>
<identifying>false</identifying>
<optionalSource>true</optionalSource>
<optionalTarget>false</optionalTarget>
<sourceCardinality>1</sourceCardinality>
<sourceEntity>03D16B35-738F-E498-E08E-8D7D599E605A</sourceEntity>
<targetCardinalityString>1</targetCardinalityString>
<targetEntity>45555A1D-244A-65C7-43C1-35FA8738CB33</targetEntity>
<transferable>true</transferable>
<deleteRule>NO ACTION</deleteRule>
</Relation>