<?xml version = '1.0' encoding = 'UTF-8'?>
<Relation class="oracle.dbtools.crest.model.design.logical.Relation" name="Relation_14" directorySegmentName="seg_0" id="D73E5868-E4D0-FD84-2768-28766716C890">
<createdBy>leand</createdBy>
<createdTime>2022-05-12 21:52:31 UTC</createdTime>
<ownerDesignName>BancoPanDB</ownerDesignName>
<engineerTo>
<item key="7453EB89-556D-A383-5CEF-6C89383AA0DD" value="true"/>
</engineerTo>
<sourcePk>86563A84-AD45-940F-425E-0B70B6EB2025</sourcePk>
<identifying>true</identifying>
<optionalSource>true</optionalSource>
<optionalTarget>false</optionalTarget>
<sourceCardinality>1</sourceCardinality>
<sourceEntity>03D16B35-738F-E498-E08E-8D7D599E605A</sourceEntity>
<targetCardinalityString>*</targetCardinalityString>
<targetEntity>7517F259-FBDA-94B9-62FD-287ABED0A0FF</targetEntity>
<transferable>true</transferable>
<deleteRule>NO ACTION</deleteRule>
</Relation>