<?xml version = '1.0' encoding = 'UTF-8'?>
<Relation class="oracle.dbtools.crest.model.design.logical.Relation" name="Elabora" directorySegmentName="seg_0" id="E83F38A5-2E43-1264-2495-C0E6AF0CCDCA">
<createdBy>leand</createdBy>
<createdTime>2022-05-04 23:51:25 UTC</createdTime>
<ownerDesignName>BancoPanDB</ownerDesignName>
<engineerTo>
<item key="7453EB89-556D-A383-5CEF-6C89383AA0DD" value="true"/>
</engineerTo>
<sourcePk>3985A1CA-AB04-D8FB-7896-3EE231E89FEA</sourcePk>
<identifying>true</identifying>
<optionalSource>true</optionalSource>
<optionalTarget>false</optionalTarget>
<sourceCardinality>1</sourceCardinality>
<sourceEntity>45555A1D-244A-65C7-43C1-35FA8738CB33</sourceEntity>
<targetCardinalityString>*</targetCardinalityString>
<targetEntity>E561363F-99B7-BA45-2F4B-187618644568</targetEntity>
<transferable>true</transferable>
<deleteRule>NO ACTION</deleteRule>
</Relation>