<?xml version = '1.0' encoding = 'UTF-8'?>
<Relation class="oracle.dbtools.crest.model.design.logical.Relation" name="Contrata" directorySegmentName="seg_0" id="F33D1F9F-80F7-DEFB-FA22-5CFFFD6D67B4">
<createdBy>leand</createdBy>
<createdTime>2022-05-04 23:12:39 UTC</createdTime>
<ownerDesignName>BancoPanDB</ownerDesignName>
<engineerTo>
<item key="7453EB89-556D-A383-5CEF-6C89383AA0DD" value="true"/>
</engineerTo>
<identifying>false</identifying>
<optionalSource>true</optionalSource>
<optionalTarget>false</optionalTarget>
<sourceCardinality>*</sourceCardinality>
<sourceEntity>EDA91AB0-1227-DD53-E539-38148E227D4D</sourceEntity>
<targetCardinalityString>*</targetCardinalityString>
<targetEntity>EA3C4D9E-3442-C4F1-0B16-5C4727D9B300</targetEntity>
<transferable>true</transferable>
<deleteRule>NO ACTION</deleteRule>
</Relation>