<?xml version = '1.0' encoding = 'UTF-8'?>
<Relation class="oracle.dbtools.crest.model.design.logical.Relation" name="Relation_10" directorySegmentName="seg_0" id="FB3429E3-EA08-BC7C-8470-D220C4159A0F">
<createdBy>leand</createdBy>
<createdTime>2022-05-04 23:52:51 UTC</createdTime>
<ownerDesignName>BancoPanDB</ownerDesignName>
<engineerTo>
<item key="7453EB89-556D-A383-5CEF-6C89383AA0DD" value="true"/>
</engineerTo>
<sourcePk>4E141669-E30A-8D24-0B0C-4BEABAD94E1C</sourcePk>
<identifying>true</identifying>
<optionalSource>true</optionalSource>
<optionalTarget>false</optionalTarget>
<sourceCardinality>1</sourceCardinality>
<sourceEntity>EA3C4D9E-3442-C4F1-0B16-5C4727D9B300</sourceEntity>
<targetCardinalityString>*</targetCardinalityString>
<targetEntity>E561363F-99B7-BA45-2F4B-187618644568</targetEntity>
<transferable>true</transferable>
<deleteRule>NO ACTION</deleteRule>
</Relation>